SHA,AUTHOR,DATE,MESSAGE
a1b2c3d4,Arjun Sharma,2025-01-03,feat: project scaffold and initial setup
b2c3d4e5,Priya Mehta,2025-01-05,feat: user authentication module
c3d4e5f6,Rahul Verma,2025-01-06,feat: database schema design
d4e5f6g7,Arjun Sharma,2025-01-08,feat: login and signup pages
e5f6g7h8,Sneha Kapoor,2025-01-09,feat: dashboard layout skeleton
f6g7h8i9,Priya Mehta,2025-01-11,fix: auth token not persisting on refresh
g7h8i9j0,Rahul Verma,2025-01-12,feat: payments API integration started
h8i9j0k1,Arjun Sharma,2025-01-14,feat: user profile page
i9j0k1l2,Sneha Kapoor,2025-01-15,feat: dashboard charts and widgets
j0k1l2m3,Priya Mehta,2025-01-17,fix: session expiry bug on mobile
k1l2m3n4,Rahul Verma,2025-01-19,WIP: payments webhook handler incomplete
l2m3n4o5,Arjun Sharma,2025-01-21,feat: notifications system
m3n4o5p6,Sneha Kapoor,2025-01-22,fix: dashboard loading state broken
n4o5p6q7,Priya Mehta,2025-01-25,hotfix: critical login crash on iOS
o5p6q7r8,Rahul Verma,2025-01-26,WIP: stripe webhooks still broken
p6q7r8s9,Arjun Sharma,2025-01-28,feat: settings page completed
q7r8s9t0,Sneha Kapoor,2025-01-30,fix: charts not rendering on Firefox
r8s9t0u1,Priya Mehta,2025-02-02,hotfix: payments double charge bug
s9t0u1v2,Rahul Verma,2025-02-03,WIP: analytics module backend started
t0u1v2w3,Arjun Sharma,2025-02-05,fix: broken API response on timeout
u1v2w3x4,Sneha Kapoor,2025-02-06,feat: dark mode toggle added
v2w3x4y5,Priya Mehta,2025-02-10,hotfix: urgent auth bypass vulnerability
w3x4y5z6,Rahul Verma,2025-02-12,WIP: analytics charts incomplete
x4y5z6a7,Arjun Sharma,2025-02-14,fix: revert dark mode breaking layout
y5z6a7b8,Sneha Kapoor,2025-02-17,feat: export to CSV button
z6a7b8c9,Priya Mehta,2025-02-19,WIP: team collaboration feature
a7b8c9d0,Rahul Verma,2025-02-21,fix: broken payment flow on staging
b8c9d0e1,Arjun Sharma,2025-02-24,hotfix: production crash on checkout
c9d0e1f2,Sneha Kapoor,2025-02-25,WIP: AI recommendations incomplete
